id,left_image_path,right_image_path,left_higher_organization,pair_weight
004e67a2860a,train/49f4d5a32319.png,train/b99d0c2dae11.png,1,1.56567
010807a58cc1,train/a0713920bdbb.png,train/feb7a02af5df.png,0,2.109382
015653b276f3,train/5dd6bc3423b9.png,train/2774b050c30b.png,0,2.62776
02324e70c03f,train/fb4c7e0a4d3a.png,train/1d7be2ec1851.png,1,1.576766
03ef3ecd5a33,train/3bc77f0484e8.png,train/855dec62d54f.png,0,1.399511
040c1e85626e,train/adfe507a03a2.png,train/fee6b7f1371c.png,0,1.442785
04240a90d2ee,train/36499adf2292.png,train/af5072ff6452.png,1,1.808386
04258c5912d7,train/bddcc1033442.png,train/06d1c828d2ff.png,0,1.328525
04389d5bbde6,train/11027b3aa84c.png,train/c86dc5b57001.png,1,1.593984
04538979e776,train/e026b527181b.png,train/fea203ba5834.png,1,1.76607
04e99b2dbe66,train/73d1dd43ecb0.png,train/c212c39a67df.png,1,1.880433
0537872324e0,train/0f989256b946.png,train/05fb90066af8.png,0,2.397735
05bcc0a170eb,train/88069d9ddc98.png,train/2774b050c30b.png,0,1.724399
06909ef87beb,train/9f3fc3aaaca3.png,train/c3db32a6adc4.png,1,1.555512
06c38f4554ae,train/bddcc1033442.png,train/7943073c25ca.png,0,1.798577
06d28c566ce2,train/07cbd1f366a8.png,train/fb545b27303e.png,1,1.346231
073836d44735,train/e8b89f2d0d38.png,train/3e061b786246.png,1,1.60984
073f11dc31ff,train/38af92a40aa6.png,train/d9942dede297.png,1,1.58386
0758519b2570,train/ece7956c65f6.png,train/11931268fcfe.png,0,1.329438
087e3d125bb2,train/e899214457ad.png,train/fd6c2726d04a.png,0,2.079514
08aed0568c5f,train/122db3090a49.png,train/3b3f29e9214f.png,1,1.977701
0a008d5d87b6,train/87148b6084ab.png,train/b43d5d9c90f8.png,1,1.833823
0a95b09c261b,train/b4296483a9bf.png,train/36499adf2292.png,0,1.518213
0aa442f6bffc,train/7fff443e15f1.png,train/88652156e19f.png,0,1.607763
0b59fbcd9916,train/fa4b76dfe542.png,train/ee1312c816f0.png,1,1.589981
0b6c99431cde,train/79cc1310d6e2.png,train/e8b89f2d0d38.png,1,1.66585
0b881c237d63,train/7943073c25ca.png,train/e66d82298637.png,0,1.297551
0c2ba185f78d,train/a87603b1df61.png,train/9c860aa3f276.png,1,1.598522
0c80fcc495ba,train/53cb529e5c5a.png,train/0bb8db5f746f.png,1,1.289933
0c88a9f3653d,train/bdb2c3f701ac.png,train/c3db32a6adc4.png,1,1.414341
0ceeac2a4c99,train/605ad3b023a1.png,train/bb2f0e9ceaf4.png,1,2.286627
0d4e5412c181,train/605ad3b023a1.png,train/ff8922cfbe3e.png,1,1.484126
0dc6631c010c,train/af6d11aed1d7.png,train/999d78974c0d.png,1,1.473872
0ec84b73ab6e,train/d682d3f483ae.png,train/fa4b76dfe542.png,0,1.331964
0f22ac9ee6cb,train/05fb90066af8.png,train/cbdd68e0a5f6.png,1,2.109852
0f97495b5e8d,train/d682d3f483ae.png,train/b3f1246fc6b8.png,0,2.000277
0fe0d8d48929,train/889a897117df.png,train/885d9dc4497b.png,0,1.467775
10201d32dbce,train/cc7156f4b2ec.png,train/bb2f0e9ceaf4.png,1,1.427493
108ea05330e0,train/87148b6084ab.png,train/d01b3e9b5fb3.png,1,2.177636
10cfa632126d,train/0f989256b946.png,train/2543c2d459ea.png,0,1.5197
11058bc3ce8a,train/f365db7a482c.png,train/60583b0f668b.png,1,1.448586
11195b690b01,train/22ddaa54c6c7.png,train/1246ca6d01df.png,1,1.384514
113c2fd15903,train/1b0d2311688c.png,train/83f9c1caba30.png,0,1.4589
11bddd5e432e,train/586b96b84434.png,train/70d9ab68008c.png,0,1.417316
11f6a094ea47,train/b5cbf1394b38.png,train/4e6af9fc139d.png,0,2.385932
1206b81001b2,train/855dec62d54f.png,train/8dcff19fe567.png,0,1.295077
139fa3e93808,train/11931268fcfe.png,train/03bd450fe1df.png,1,1.329438
145f504ae3b1,train/bdae629d0090.png,train/85386e86d833.png,1,1.30446
14715706d9ff,train/e8b89f2d0d38.png,train/c6bafa22bd32.png,0,1.337805
148a9c332dca,train/1dd12dcfa619.png,train/11931268fcfe.png,0,1.329438
148d3117d7b5,train/2543c2d459ea.png,train/2b3b004700d1.png,1,1.288609
14d5160affd6,train/aaa1114e22eb.png,train/9b96c8666a9d.png,1,1.521763
14e1c1d113f2,train/79ff9d9a9dfe.png,train/d99008ae2e6a.png,1,1.477336
153cca1aaea4,train/05fb90066af8.png,train/2b3b004700d1.png,1,2.107165
15659077c874,train/0670f91243ce.png,train/76969fca0a49.png,1,2.34744
15a1a121dd86,train/63cddea0a8cf.png,train/605e62b3a04f.png,0,1.489522
15deaaa1f8c1,train/530d8f9adfa3.png,train/791a64b1dca2.png,1,1.355144
1630a698fdbf,train/fee6b7f1371c.png,train/eed84c3798a2.png,1,1.276901
1667d1087de0,train/f372e2e94453.png,train/e899214457ad.png,1,2.37943
169570d159fb,train/5472340443df.png,train/1246ca6d01df.png,1,1.386424
16a1a730781d,train/5dd6bc3423b9.png,train/aeb4937a61f8.png,0,1.564375
16bf635c8959,train/32f674602ff2.png,train/b4296483a9bf.png,1,1.775783
16e3b0b75b87,train/e899214457ad.png,train/f5199cb3318a.png,0,2.126688
175ad59255fc,train/f8d4c5da0a5b.png,train/fb4c7e0a4d3a.png,0,1.317179
17747de0fb8c,train/49f4d5a32319.png,train/9c860aa3f276.png,1,1.599298
179dd2578fe7,train/e8b89f2d0d38.png,train/b99d0c2dae11.png,1,1.360747
17b902c575e6,train/9f3fc3aaaca3.png,train/795775759ecd.png,1,1.555512
17c3ad28ffbb,train/ffafd0305bbd.png,train/c6bafa22bd32.png,0,1.516099
18acfd7636bc,train/48c498e7a788.png,train/73d1dd43ecb0.png,0,1.873925
18e2603cc83f,train/af6d11aed1d7.png,train/423828981c59.png,1,1.318279
1931f26a737b,train/c9bf15592764.png,train/1c22a5e817c6.png,1,1.720598
1955a7616820,train/fff91df3d99c.png,train/2d558337c344.png,0,1.501988
19a4132cb85e,train/70d9ab68008c.png,train/70b2b70135c1.png,1,1.370532
19f3f3f8e0a2,train/11027b3aa84c.png,train/d01b3e9b5fb3.png,1,1.540286
1b226f61c194,train/544b4a59c1b6.png,train/f8c1177f4eb7.png,0,1.281815
1b51a838570e,train/544b4a59c1b6.png,train/9f3fc3aaaca3.png,0,1.555512
1c10f210f38f,train/aaa1114e22eb.png,train/65aadc352e1f.png,1,1.521763
1c7c4f458bb5,train/7e41acb03a9e.png,train/b5cbf1394b38.png,1,2.083243
1cc0721bdf6e,train/1dd12dcfa619.png,train/5472340443df.png,0,1.386424
1d2fbdae04e1,train/07cbd1f366a8.png,train/973ebb513beb.png,1,1.565137
1d5d1eb3eac1,train/ccdadee52269.png,train/9b9f21bf9e47.png,1,1.430137
1d93ace5d52a,train/423828981c59.png,train/44962c815c5f.png,0,1.373666
1dc1835b62e6,train/b99d0c2dae11.png,train/df86412d40e6.png,0,1.555018
1e448e33d648,train/390c59d427c4.png,train/d4f728ebadce.png,0,1.312617
1e5a327bcf7d,train/3ad7d0f667d5.png,train/3e1e55d4cc27.png,0,1.411471
1e7dfdfd8acd,train/1e38c0c4f6c3.png,train/13a0265d9d81.png,1,1.695835
1e8199c7a2c0,train/04c574c889cf.png,train/530d8f9adfa3.png,1,1.814767
1ea6de15e6ce,train/c738c56e6247.png,train/bdae629d0090.png,0,1.30446
1eacdae9a06a,train/d6e236c199fe.png,train/2a38cfb3b567.png,1,1.780715
1efdc5ac10c6,train/13fdcf918ce7.png,train/fb4c7e0a4d3a.png,0,1.576766
1f4cc85f464c,train/7943073c25ca.png,train/a9b92855f3dd.png,1,1.272356
1f772506bba5,train/d819ccfacd4b.png,train/53609a3931b6.png,1,1.313489
1fb3067300eb,train/97450826a260.png,train/5911fa97295c.png,1,2.212262
20663975f027,train/a87603b1df61.png,train/dc28b65a154d.png,1,1.326095
20880a1a6a32,train/bdb2c3f701ac.png,train/8dcff19fe567.png,0,1.443461
20b169f3ba95,train/1e38c0c4f6c3.png,train/a6998522327a.png,1,1.41645
20f46130c7ed,train/a8a2b9916a65.png,train/226b9f911be9.png,1,1.383162
2137c429a3e7,train/6a3f46f36ee1.png,train/45f321e57216.png,0,1.706465
214df56a503e,train/e7248aeb87e2.png,train/3fd2ff3eaba6.png,0,1.856315
214ed2fb9825,train/ee7ac83db38f.png,train/fb4c7e0a4d3a.png,0,1.305023
2187833fc569,train/3bc77f0484e8.png,train/0670f91243ce.png,0,2.514163
22a08ec40fe4,train/53cb529e5c5a.png,train/67368037ae16.png,1,1.289933
236f333444da,train/3da3d1dafa5f.png,train/0bd26f9202b4.png,1,1.583364
23a3a1a59b05,train/c6bafa22bd32.png,train/b43d5d9c90f8.png,1,1.491748
23e8db6923aa,train/3da3d1dafa5f.png,train/4094eb99622b.png,1,1.379654
2470494b3748,train/a9b92855f3dd.png,train/6aba41b17339.png,1,1.589028
2481cf9bc04d,train/76969fca0a49.png,train/3da3d1dafa5f.png,0,1.284935
24e63e6a49ca,train/122db3090a49.png,train/13252c7ea979.png,1,1.977701
25356792d6a1,train/dc28b65a154d.png,train/073a5ca4dcfa.png,0,1.474357
25772c39aa00,train/073a5ca4dcfa.png,train/dc83159f3fd6.png,1,1.768493
26076daaf528,train/79cc1310d6e2.png,train/fe2fdaa42ff6.png,1,2.248338
262607935341,train/38af92a40aa6.png,train/70b2b70135c1.png,1,1.55667
262a8b6e397c,train/1dd12dcfa619.png,train/22ddaa54c6c7.png,0,1.384514
263457a0e14c,train/cb48efd0fc57.png,train/3da3d1dafa5f.png,0,1.410124
263aa42f3c2e,train/465dd4377a70.png,train/4096f700ad88.png,0,1.425625
2663d46cff62,train/cb48efd0fc57.png,train/af6d11aed1d7.png,0,1.308797
26d3e12a95a1,train/c212c39a67df.png,train/acb7075bc07a.png,0,1.531037
26f3dacc01bd,train/88652156e19f.png,train/b4296483a9bf.png,1,1.667377
26fa72f6f159,train/1ebdde73f527.png,train/df86412d40e6.png,0,1.614187
2706b2898c9a,train/aaa1114e22eb.png,train/2b3b004700d1.png,1,1.290444
271fd4b2b0e7,train/c9bf15592764.png,train/03e34f920143.png,1,1.62776
277d2007e059,train/2df5a04fcf88.png,train/d6950764c8e0.png,0,2.027332
27ba327ccaec,train/a7f50e90c37e.png,train/743c57d0c2f9.png,0,1.321064
2856e6cbb551,train/d99008ae2e6a.png,train/70d9ab68008c.png,0,1.397264
285ac472e41d,train/369255d2dbf3.png,train/8dcff19fe567.png,0,1.708573
293f0019ba4b,train/c212c39a67df.png,train/7fff443e15f1.png,0,1.267859
293f78eda4e6,train/6aba41b17339.png,train/d6950764c8e0.png,0,2.367052
2964c2fbb23b,train/a89bd9162f56.png,train/4b89bd1f32a9.png,1,1.778481
2989b47041d8,train/2d563ddca2d4.png,train/9591617509e1.png,1,1.278522
299a3d99e1c2,train/f85ce1781275.png,train/af6d11aed1d7.png,0,1.473872
2a1898b61010,train/0670f91243ce.png,train/3439742d146f.png,1,2.416773
2a51b1123cf7,train/1246ca6d01df.png,train/ff8922cfbe3e.png,0,1.816088
2a616ee4d7da,train/53cb529e5c5a.png,train/4b89bd1f32a9.png,1,1.289933
2aa5cb4c3bbe,train/eb53fc913764.png,train/2774b050c30b.png,0,1.326997
2aaafeff5db5,train/e899214457ad.png,train/605d5afa9e05.png,0,1.836487
2b129bb2f83f,train/d99008ae2e6a.png,train/e0ce33e4012d.png,0,1.856769
2b64a1eba906,train/e026b527181b.png,train/ef6785275098.png,0,1.351498
2bde7864b10d,train/0f989256b946.png,train/22550f68809e.png,0,1.498252
2c30c3bcfb36,train/e66d82298637.png,train/bddcc1033442.png,1,2.274966
2c325f1f4e18,train/149a5a6dbb89.png,train/feb7a02af5df.png,0,1.999239
2c3b9021bb34,train/f8c2c4ded4d4.png,train/79ff9d9a9dfe.png,1,1.512468
2c7cc5ce982d,train/acb7075bc07a.png,train/65aadc352e1f.png,1,1.668198
2ccdf0f5f784,train/2270493ed3ba.png,train/a0713920bdbb.png,1,1.674476
2cecfc54e225,train/6d20131e9a44.png,train/9f3fc3aaaca3.png,0,1.411968
2cf431aedf7c,train/c6bafa22bd32.png,train/43f964627275.png,1,1.472216
2d1ef0061271,train/6dca3ca3cfae.png,train/70990ddfd1bc.png,0,1.964454
2d443cbcf461,train/605e62b3a04f.png,train/ef6785275098.png,0,1.429878
2d90dabd9e46,train/390c59d427c4.png,train/f372e2e94453.png,0,2.194844
2df13efd8083,train/dc83159f3fd6.png,train/f19eec1ae3a8.png,0,2.16053
2e2b3da940e1,train/c6bafa22bd32.png,train/7fff443e15f1.png,1,1.553188
2e459612ef63,train/2270493ed3ba.png,train/d9942dede297.png,1,1.545347
2e928fce85df,train/ffafd0305bbd.png,train/feb7a02af5df.png,0,1.620998
2ed5f2cfca5f,train/c738c56e6247.png,train/e0212e67f4a4.png,0,1.283523
2ee4c5cdd28f,train/bdae629d0090.png,train/3b3f29e9214f.png,1,1.30446
2f1d30f4770f,train/2df5a04fcf88.png,train/530d8f9adfa3.png,0,1.338722
2f89d1f2bfea,train/44962c815c5f.png,train/999d78974c0d.png,1,1.533588
2fdf3b218b93,train/da4de4106c41.png,train/a8a2b9916a65.png,0,1.383162
2ff0763b88b9,train/885d9dc4497b.png,train/ede81478c5c3.png,1,1.467775
30d1777b82c7,train/7943073c25ca.png,train/7fff443e15f1.png,1,1.460616
31588d34bd55,train/90430fc36a56.png,train/f5199cb3318a.png,0,2.126688
3190e6051adf,train/f8c2c4ded4d4.png,train/4096f700ad88.png,1,1.665307
31a84344f7bb,train/701b9e8800ec.png,train/fee6b7f1371c.png,0,1.313162
322f614ae118,train/87148b6084ab.png,train/11027b3aa84c.png,1,1.450794
325c83303bc2,train/d6950764c8e0.png,train/c738c56e6247.png,1,2.367052
3270338510f4,train/d819ccfacd4b.png,train/e355293b5676.png,1,1.336489
32ff0ae7f5ec,train/c9bf15592764.png,train/13252c7ea979.png,1,1.902894
3348ca1616ba,train/a5e213d09d02.png,train/c9bf15592764.png,0,1.612676
33551c93b4f6,train/f21c2b5f899b.png,train/2b0335e82f05.png,1,1.434677
3361f608fe14,train/36499adf2292.png,train/43f964627275.png,1,1.383762
3381c91976c5,train/af6d11aed1d7.png,train/2b0335e82f05.png,1,1.337259
340df75aec30,train/b3f1246fc6b8.png,train/cbdd68e0a5f6.png,1,2.027265
3435b0af3aaf,train/122db3090a49.png,train/d682d3f483ae.png,1,1.686748
348a27fe88cf,train/f9d20f5226d9.png,train/885d9dc4497b.png,0,1.467775
34f87cc21cc6,train/ec0cdf9c4490.png,train/3ed9fd8315cb.png,1,1.859847
3504e73808ff,train/473b5cbfdf65.png,train/743c57d0c2f9.png,1,1.371635
3547507cb508,train/83f9c1caba30.png,train/fff91df3d99c.png,1,1.4589
3575419c9aed,train/2d563ddca2d4.png,train/0670f91243ce.png,0,1.864455
35c894d30fb3,train/d133861d057b.png,train/c738c56e6247.png,1,1.301908
36356b1df180,train/2270493ed3ba.png,train/983c5feb1330.png,1,1.48339
36a4266121f6,train/85bbc1701ac3.png,train/fbffc1e53fb1.png,0,2.026065
3725ffe3632a,train/9c860aa3f276.png,train/88069d9ddc98.png,0,1.423665
37dfabcdb6fd,train/70b2b70135c1.png,train/acb7075bc07a.png,0,1.405309
37e1e52b2823,train/bdb2c3f701ac.png,train/13fdcf918ce7.png,1,1.414341
38018cfac666,train/c9bf15592764.png,train/c66616a2e95a.png,1,1.701498
384244531508,train/983c5feb1330.png,train/04c574c889cf.png,0,2.335976
38667d1c081a,train/d6950764c8e0.png,train/d133861d057b.png,1,1.877295
387940eb1b3d,train/43f964627275.png,train/af5072ff6452.png,1,1.297114
3954a6fbbe2f,train/b99d0c2dae11.png,train/88069d9ddc98.png,0,1.39235
39580c67070a,train/2c48228bfd4b.png,train/73d1dd43ecb0.png,0,2.03104
39854947c837,train/e66d82298637.png,train/ffafd0305bbd.png,1,1.856457
398c0becd3b4,train/f8c1177f4eb7.png,train/8dcff19fe567.png,0,1.586897
39cdf53b4eb4,train/eb53fc913764.png,train/88069d9ddc98.png,1,1.282473
3a335caa785e,train/55567c671198.png,train/2774b050c30b.png,0,1.900909
3a82914f401e,train/fee6b7f1371c.png,train/e34bd1fef9a3.png,1,1.28552
3a8bbd3185a9,train/bdb2c3f701ac.png,train/0670f91243ce.png,0,2.073954
3ad99e520b85,train/26937f00164c.png,train/2d563ddca2d4.png,0,1.598163
3b24a80a8df6,train/33c58a433291.png,train/cc7156f4b2ec.png,0,1.416017
3b47a327fcfe,train/70990ddfd1bc.png,train/d682d3f483ae.png,1,1.674411
3b73dc9d31d0,train/36499adf2292.png,train/f4dc006e9f53.png,1,1.478775
3bcdbca2eb6b,train/d4f728ebadce.png,train/f5199cb3318a.png,0,1.4901
3c1879358987,train/d6950764c8e0.png,train/53cb529e5c5a.png,1,1.892202
3cca5e16872c,train/acb7075bc07a.png,train/32f674602ff2.png,0,1.430884
3d434bffef34,train/37b89cb2713e.png,train/0f989256b946.png,1,1.409631
3e382dfe23fd,train/e8b89f2d0d38.png,train/af5072ff6452.png,1,1.428574
3e7ba2e885f9,train/cc7156f4b2ec.png,train/03bd450fe1df.png,1,1.632253
3e947b11e46a,train/bddcc1033442.png,train/cfcd2a4c9a4c.png,0,1.741949
3ed57e405349,train/90430fc36a56.png,train/e026b527181b.png,0,1.76607
3eddf3fe1f9d,train/c52b184b22e1.png,train/63cddea0a8cf.png,1,1.476512
3f13b004d620,train/fe2fdaa42ff6.png,train/90c871052a80.png,0,1.379759
3f2f690326cb,train/f8d4c5da0a5b.png,train/8dcff19fe567.png,0,1.722643
3f3a9b227870,train/8d893a7702df.png,train/9f3fc3aaaca3.png,0,1.324168
3f676817a029,train/53cb529e5c5a.png,train/03bd450fe1df.png,1,1.289933
3fb30d145313,train/3e061b786246.png,train/87148b6084ab.png,0,2.510459
40f670cc5a0d,train/b3f1246fc6b8.png,train/ee1312c816f0.png,1,2.311137
410bac458ef2,train/70990ddfd1bc.png,train/bfab538c5247.png,1,1.780056
414324f3dfe5,train/605ad3b023a1.png,train/59f114776385.png,1,2.270003
41558a0509c3,train/adfe507a03a2.png,train/df34f7f109b9.png,0,1.332232
41564c41e43a,train/e0212e67f4a4.png,train/4b89bd1f32a9.png,1,1.283523
41e1265dc45d,train/44962c815c5f.png,train/3bfc8b160f59.png,1,1.533588
4421081f7260,train/bdae629d0090.png,train/ee1312c816f0.png,1,1.30446
443d729572c1,train/b40a642d7c00.png,train/84181be50b2d.png,0,1.298997
44cd58c68118,train/79cc1310d6e2.png,train/dc28b65a154d.png,1,1.924805
45150ea937af,train/49f4d5a32319.png,train/3e1e55d4cc27.png,0,1.352947
453c7d92ffd5,train/13fdcf918ce7.png,train/855dec62d54f.png,0,1.57165
45da6d2f0252,train/13a0265d9d81.png,train/c9bf15592764.png,0,1.902894
460bf9eb1765,train/fee6b7f1371c.png,train/0bb8db5f746f.png,1,1.442785
461695aea01b,train/03e34f920143.png,train/311d7cb27fdf.png,0,1.306534
462485382543,train/b1827901d52f.png,train/ef6785275098.png,0,1.749346
462dc66e61a1,train/1ebdde73f527.png,train/3ad7d0f667d5.png,0,1.561149
468771a46446,train/530d8f9adfa3.png,train/983c5feb1330.png,1,1.330019
468f87f8b88a,train/605d5afa9e05.png,train/390c59d427c4.png,1,1.670689
46c72e4fad69,train/e899214457ad.png,train/d4f728ebadce.png,0,1.45744
46c7bb236a7d,train/13252c7ea979.png,train/05fb90066af8.png,0,2.397735
47218287c36b,train/53cb529e5c5a.png,train/0f989256b946.png,1,1.289933
47a8f30221a8,train/79ff9d9a9dfe.png,train/26b4659b22ac.png,1,1.716955
47d6faa22d8d,train/bdae629d0090.png,train/4b89bd1f32a9.png,1,1.30446
48258b235ff0,train/05fb90066af8.png,train/ee1312c816f0.png,1,2.397735
487bbefbcf92,train/fa4b76dfe542.png,train/e26b85765557.png,1,1.589981
4915b71b2a1e,train/d6950764c8e0.png,train/37b89cb2713e.png,1,1.750102
4a1d734e6636,train/c6c82ca16fd4.png,train/149a5a6dbb89.png,1,1.296783
4a230825e9d4,train/311d7cb27fdf.png,train/bf760f2acd7e.png,1,1.377192
4acdae8bd092,train/fd6c2726d04a.png,train/90430fc36a56.png,1,2.079514
4ad0ad33832b,train/586b96b84434.png,train/cfcd2a4c9a4c.png,0,1.717402
4af55c4d97d2,train/ccdadee52269.png,train/cd13b3b43791.png,1,1.430137
4b11b1293d77,train/43f964627275.png,train/88652156e19f.png,0,1.525157
4b25afa02fa4,train/df86412d40e6.png,train/3e1e55d4cc27.png,0,1.362685
4b457acbf03e,train/f372e2e94453.png,train/fea203ba5834.png,1,2.37943
4b92976d41a4,train/af5072ff6452.png,train/c6bafa22bd32.png,0,1.9101
4bd016704c1a,train/38af92a40aa6.png,train/adfe507a03a2.png,1,1.83375
4c214ceb3c8c,train/88652156e19f.png,train/b43d5d9c90f8.png,1,1.545102
4c2bf6428ff4,train/465dd4377a70.png,train/90c871052a80.png,0,1.459586
4c8e3a33caa2,train/f87a921c9e07.png,train/d819ccfacd4b.png,0,1.343344
4ca634fa97e6,train/dde45aea6dde.png,train/3ad7d0f667d5.png,0,1.282698
4cc7103da2e7,train/70b2b70135c1.png,train/7943073c25ca.png,0,1.720485
4d72ab7d1268,train/f372e2e94453.png,train/605d5afa9e05.png,1,1.344751
4d8d007674c4,train/122db3090a49.png,train/544b4a59c1b6.png,1,1.977701
4dc2450e6384,train/3ad7d0f667d5.png,train/9c860aa3f276.png,1,1.53595
4df1be276806,train/c66616a2e95a.png,train/122db3090a49.png,0,1.772748
4e1acdc1ec3f,train/791a64b1dca2.png,train/a89bd9162f56.png,0,1.49779
4e20a731053f,train/369255d2dbf3.png,train/9f3fc3aaaca3.png,0,1.2866
4e9cbc3c4753,train/f8c2c4ded4d4.png,train/d99008ae2e6a.png,1,2.176933
4edb3688868e,train/202f1b2cac21.png,train/71e58187cfd6.png,1,1.444012
4f0b74b0c5c9,train/3da3d1dafa5f.png,train/369255d2dbf3.png,1,1.311082
4f6f35dab500,train/fb4c7e0a4d3a.png,train/47b2f1635707.png,1,1.297982
501a3b760b25,train/1e38c0c4f6c3.png,train/f60a83f3326b.png,1,1.446405
50208f63c284,train/fb4c7e0a4d3a.png,train/369255d2dbf3.png,1,1.305268
502443c0f157,train/fbffc1e53fb1.png,train/465dd4377a70.png,1,2.119967
507f83d316d0,train/ffafd0305bbd.png,train/36499adf2292.png,0,1.425928
50afd29c100a,train/79cc1310d6e2.png,train/3e061b786246.png,1,2.516768
5118eec75800,train/d6950764c8e0.png,train/22550f68809e.png,1,1.653395
51684190c627,train/90430fc36a56.png,train/f5e1c899b72b.png,0,2.146356
51d3123e0072,train/2270493ed3ba.png,train/df34f7f109b9.png,1,1.334029
51db28f706fe,train/84181be50b2d.png,train/465dd4377a70.png,1,1.299558
5216e71ce6b3,train/3e1e55d4cc27.png,train/b99d0c2dae11.png,1,2.0865
522b3c15c9f6,train/825cf2108bfc.png,train/5472340443df.png,0,1.386424
525aad14e76e,train/79cc1310d6e2.png,train/d99008ae2e6a.png,1,2.233307
533d4e28694f,train/90c871052a80.png,train/d01b3e9b5fb3.png,1,1.329205
53482de0784f,train/04c574c889cf.png,train/adfe507a03a2.png,1,2.704168
535b292167fe,train/d01b3e9b5fb3.png,train/79ff9d9a9dfe.png,0,1.43645
535ca8ea5e5b,train/22ddaa54c6c7.png,train/ece7956c65f6.png,1,1.384514
5365e9bef749,train/701b9e8800ec.png,train/37b89cb2713e.png,0,1.282304
538affdb7ff9,train/743c57d0c2f9.png,train/63cddea0a8cf.png,1,1.569241
538eefc1d7b2,train/df86412d40e6.png,train/dc28b65a154d.png,1,1.317247
542d51ae025d,train/5ea817704ef9.png,train/fb4c7e0a4d3a.png,0,1.333461
54afa8a3d991,train/3439742d146f.png,train/3da3d1dafa5f.png,0,1.33636
54cc8ec01ced,train/38b793fae9f2.png,train/7daf97780930.png,0,1.649791
554a8138bbc1,train/ccdadee52269.png,train/8d6f7167ba0c.png,1,1.430137
566dfa43ce73,train/b40a642d7c00.png,train/fbffc1e53fb1.png,0,2.119237
56b861870226,train/f21c2b5f899b.png,train/5cbe232f4266.png,1,1.418179
56c046cafb68,train/feb7a02af5df.png,train/33c58a433291.png,1,1.987185
56cccfb9fe4d,train/4e6af9fc139d.png,train/d6e236c199fe.png,1,1.397468
57ea111b7dd1,train/8dcff19fe567.png,train/5ea817704ef9.png,1,1.741793
5822727163e8,train/fbffc1e53fb1.png,train/84181be50b2d.png,1,1.655925
582369609468,train/df34f7f109b9.png,train/c738c56e6247.png,1,1.332232
582801431038,train/825cf2108bfc.png,train/ff8922cfbe3e.png,0,1.816088
58bc2d7b9909,train/f365db7a482c.png,train/9591617509e1.png,1,1.331271
58c2dfcdc6eb,train/b4296483a9bf.png,train/3e061b786246.png,1,1.336124
58e9c9a284d2,train/97450826a260.png,train/6e38d71c801f.png,1,1.89065
58ec9d676880,train/b99d0c2dae11.png,train/79ff9d9a9dfe.png,0,1.457973
58eea75ae6ac,train/11931268fcfe.png,train/605ad3b023a1.png,0,1.997877
58f5741e8c56,train/f5e1c899b72b.png,train/5cd7a754594c.png,1,1.89783
5931fcfad182,train/311d7cb27fdf.png,train/3b3f29e9214f.png,1,1.55107
59321d1b871e,train/03e34f920143.png,train/fa4b76dfe542.png,0,1.341278
594d496b368f,train/202f1b2cac21.png,train/3bc77f0484e8.png,1,1.281739
59a85723c58a,train/ef6785275098.png,train/edbcff77a0f9.png,1,1.970408
59e4e323eded,train/adfe507a03a2.png,train/d133861d057b.png,0,1.301908
59e7250b99c9,train/885d9dc4497b.png,train/0d98207d863c.png,1,1.467775
59f82f57f2f0,train/f2483af7dcdc.png,train/1e38c0c4f6c3.png,0,1.695835
5b1c838abeb5,train/1246ca6d01df.png,train/b33c03a63fb7.png,0,1.638331
5b5d1d1257aa,train/05fb90066af8.png,train/1c22a5e817c6.png,1,2.197454
5b78f8cc1010,train/b33c03a63fb7.png,train/825cf2108bfc.png,1,1.638331
5b9846157c8e,train/311d7cb27fdf.png,train/5dbbc033132f.png,1,1.354284
5bd919b2e108,train/70990ddfd1bc.png,train/13a0265d9d81.png,1,1.964454
5c8c35fda708,train/e026b527181b.png,train/edbcff77a0f9.png,1,1.466128
5c96c285d181,train/13fdcf918ce7.png,train/44962c815c5f.png,0,1.533588
5d152d73b367,train/cf039961bd65.png,train/c6c82ca16fd4.png,0,1.269706
5d19443a8a09,train/79cc1310d6e2.png,train/b4296483a9bf.png,1,1.971948
5d19cc39d2ea,train/d819ccfacd4b.png,train/2e24ba466fe1.png,1,1.27753
5d1b6c1fe7ae,train/04c574c889cf.png,train/eed84c3798a2.png,1,2.480379
5d937e91384c,train/1dd12dcfa619.png,train/37b89cb2713e.png,0,1.409631
5ddf31f25419,train/3bfc8b160f59.png,train/202f1b2cac21.png,0,1.444012
5e4851123e9d,train/acb7075bc07a.png,train/e66d82298637.png,0,1.598201
5e9b9b3929f0,train/32f674602ff2.png,train/b40a642d7c00.png,1,2.137153
5f67bae6ea03,train/b4296483a9bf.png,train/87148b6084ab.png,0,1.966178
5f9b1a8f12ca,train/855dec62d54f.png,train/5ea817704ef9.png,1,1.328877
5fe819b220f1,train/70990ddfd1bc.png,train/ee1312c816f0.png,1,1.964454
5ffb5fa9cb3f,train/df86412d40e6.png,train/2774b050c30b.png,0,1.551668
5ffe8a011e8d,train/1ebdde73f527.png,train/eb53fc913764.png,0,1.863866
608ff396b150,train/aaa1114e22eb.png,train/04c574c889cf.png,0,1.922574
628b8ececfcc,train/11931268fcfe.png,train/ff8922cfbe3e.png,0,1.356918
62e92c4bf804,train/fd6c2726d04a.png,train/390c59d427c4.png,1,1.904319
62f1bf7f058d,train/944975b2ecbf.png,train/2d558337c344.png,0,1.501988
6350959c0fce,train/1ebdde73f527.png,train/aeb4937a61f8.png,0,1.373271
6391dc1531c0,train/06d1c828d2ff.png,train/adfe507a03a2.png,1,1.509646
63d2a5310d6e,train/53609a3931b6.png,train/885d9dc4497b.png,0,1.289386
647a79f08c41,train/3554103d5a0d.png,train/cc7156f4b2ec.png,0,1.344012
64b3b568f1f8,train/5ea817704ef9.png,train/f365db7a482c.png,0,1.40781
65e3d732bcab,train/e0ce33e4012d.png,train/c86dc5b57001.png,1,1.86874
65efd3ed1a59,train/c66616a2e95a.png,train/2543c2d459ea.png,0,1.34204
66f5cfb1147c,train/c9bf15592764.png,train/544b4a59c1b6.png,1,1.902894
6808942b437d,train/e0212e67f4a4.png,train/cfcd2a4c9a4c.png,0,1.523149
6856bd16ce00,train/65aadc352e1f.png,train/70d9ab68008c.png,0,1.629651
6863b15999c9,train/71e58187cfd6.png,train/f8c1177f4eb7.png,0,1.281815
686f921339e8,train/fee6b7f1371c.png,train/6aba41b17339.png,1,1.442785
68c39e5c47fb,train/ece7956c65f6.png,train/c6c82ca16fd4.png,0,1.490856
68e0fe8fd24d,train/c212c39a67df.png,train/a9b92855f3dd.png,0,1.455617
69aeb745cb8f,train/122db3090a49.png,train/1c22a5e817c6.png,1,1.792217
69d6aa800a24,train/af6d11aed1d7.png,train/3bc77f0484e8.png,1,1.30908
6a4a156c163c,train/a5e213d09d02.png,train/122db3090a49.png,0,1.682098
6a6a3e9af08a,train/edbcff77a0f9.png,train/da850278418b.png,0,1.577909
6a78e8df2e77,train/fe2fdaa42ff6.png,train/87148b6084ab.png,0,2.24227
6a881d9b0040,train/5911fa97295c.png,train/5a97fabfe0f7.png,0,1.370075
6ac970682165,train/465dd4377a70.png,train/acb7075bc07a.png,0,1.526925
6b2ca19f57d1,train/d133861d057b.png,train/4b89bd1f32a9.png,1,1.301908
6b4c272bd5dc,train/888ef2ac41df.png,train/d819ccfacd4b.png,0,1.291342
6bb07b241ce2,train/c6bafa22bd32.png,train/70d9ab68008c.png,1,1.32035
6bcd49f760e0,train/855dec62d54f.png,train/3bfc8b160f59.png,1,1.57165
6c93a3ebf4a7,train/5dbbc033132f.png,train/aaa1114e22eb.png,0,1.327518
6ca9dc0fc354,train/dc28b65a154d.png,train/26b4659b22ac.png,1,1.374863
6cc02bc7c968,train/87148b6084ab.png,train/dc83159f3fd6.png,1,2.248274
6cdb09735621,train/a5e213d09d02.png,train/e7ba6d790503.png,0,1.714432
6ce29680cd70,train/b4296483a9bf.png,train/cfcd2a4c9a4c.png,0,1.465389
6cfbcf2feea3,train/eb53fc913764.png,train/dc28b65a154d.png,1,1.540832
6d25795b7910,train/4e6af9fc139d.png,train/a7f50e90c37e.png,1,1.872438
6d2d748bb107,train/22550f68809e.png,train/5dbbc033132f.png,1,1.306143
6d74ffad08d0,train/b1827901d52f.png,train/90430fc36a56.png,1,1.365899
6dcfd25fcd43,train/bddcc1033442.png,train/feb7a02af5df.png,0,2.017744
6e30bf8aedd0,train/e8b89f2d0d38.png,train/d01b3e9b5fb3.png,1,1.340248
6e4528626924,train/2543c2d459ea.png,train/60583b0f668b.png,1,1.32063
6ea80b9af3c7,train/f8c2c4ded4d4.png,train/84181be50b2d.png,1,1.810751
6eaaae094789,train/7943073c25ca.png,train/c212c39a67df.png,1,1.86015
6ed5f12af3f4,train/07cbd1f366a8.png,train/2c48228bfd4b.png,1,1.565137
6ef24e98166f,train/04c574c889cf.png,train/e312ab87f905.png,1,2.261116
6fb29b808133,train/e66d82298637.png,train/65aadc352e1f.png,1,2.505551
700399015309,train/0bb8db5f746f.png,train/a89bd9162f56.png,0,1.778481
701e1c5a3f96,train/e0ce33e4012d.png,train/fe2fdaa42ff6.png,1,1.870749
7029fe8299b2,train/19e138f11434.png,train/2d558337c344.png,0,1.501988
704bfb7b81a2,train/11027b3aa84c.png,train/f19eec1ae3a8.png,0,1.379894
7059c43f3b8a,train/9e2f226c14ea.png,train/f21c2b5f899b.png,0,1.32721
7097bb22e554,train/feb7a02af5df.png,train/df34f7f109b9.png,1,1.724548
710c353fe942,train/c9bf15592764.png,train/d682d3f483ae.png,1,1.617227
71548319e1d0,train/798c93eabd05.png,train/83f9c1caba30.png,0,1.297532
71627835acdc,train/d99008ae2e6a.png,train/df86412d40e6.png,0,1.575127
718e8680f9cb,train/e7ba6d790503.png,train/d682d3f483ae.png,1,1.719126
71925d7f3cf2,train/5dd6bc3423b9.png,train/a87603b1df61.png,0,1.833181
71a36da43f4a,train/cfcd2a4c9a4c.png,train/70b2b70135c1.png,1,1.665046
71e49ef3d54e,train/5cd7a754594c.png,train/e026b527181b.png,0,1.53902
720110fdc986,train/e0ce33e4012d.png,train/4096f700ad88.png,1,1.385298
73faa4b9101d,train/7e41acb03a9e.png,train/7b4de5947058.png,1,1.301261
741939a98cec,train/70b2b70135c1.png,train/e66d82298637.png,0,2.188938
743b547d580f,train/885d9dc4497b.png,train/4032331e1272.png,1,1.467775
744a56fb0929,train/ef6785275098.png,train/d4f728ebadce.png,1,1.647567
752602bce899,train/f8d4c5da0a5b.png,train/f365db7a482c.png,0,1.390847
75378be620ce,train/88652156e19f.png,train/586b96b84434.png,1,1.935371
7550d545283d,train/f5e1c899b72b.png,train/d4f728ebadce.png,1,1.506779
75522c53f5a4,train/8d6f7167ba0c.png,train/f21c2b5f899b.png,0,1.577526
7553c5014081,train/63cddea0a8cf.png,train/473b5cbfdf65.png,0,2.113915
755c75715f90,train/e0ce33e4012d.png,train/90c871052a80.png,1,1.352552
75947bcbb5cc,train/d4f728ebadce.png,train/f372e2e94453.png,0,1.707956
75a4a3d9fd9d,train/d01b3e9b5fb3.png,train/f8c2c4ded4d4.png,0,2.127735
76cc372fdd51,train/f365db7a482c.png,train/bfab538c5247.png,1,1.489595
77596dbb4037,train/b5d19490f69c.png,train/f365db7a482c.png,0,1.452301
77d588830adc,train/03bd450fe1df.png,train/22ddaa54c6c7.png,0,1.384514
77f70813fece,train/c738c56e6247.png,train/37b89cb2713e.png,0,1.409631
7842ebab5005,train/3ad7d0f667d5.png,train/b99d0c2dae11.png,1,1.503083
78510df8686a,train/11027b3aa84c.png,train/84181be50b2d.png,1,1.274629
7879dec8aa0b,train/79ff9d9a9dfe.png,train/87148b6084ab.png,0,1.555247
78ba95bd16b1,train/37b89cb2713e.png,train/4b89bd1f32a9.png,1,1.409631
78e8d374f5ca,train/ffafd0305bbd.png,train/a0713920bdbb.png,1,1.321599
78f7d84a4435,train/13252c7ea979.png,train/bdae629d0090.png,0,1.30446
7914f9a7056f,train/5dd6bc3423b9.png,train/55567c671198.png,0,1.480894
792657c319bf,train/44962c815c5f.png,train/f85ce1781275.png,1,1.533588
79d707ec194a,train/073a5ca4dcfa.png,train/b43d5d9c90f8.png,1,1.400174
7a8613e67585,train/43f964627275.png,train/586b96b84434.png,1,1.269783
7aa4d9de5899,train/8dcff19fe567.png,train/a6998522327a.png,1,1.714245
7b2145be0004,train/dde45aea6dde.png,train/5dd6bc3423b9.png,1,1.362552
7b35f64a7a10,train/4b89bd1f32a9.png,train/c6c82ca16fd4.png,0,1.490856
7b5e2ddd97d4,train/2df5a04fcf88.png,train/a89bd9162f56.png,0,1.480201
7b663012d0b6,train/f4dc006e9f53.png,train/3e061b786246.png,1,1.372962
7bf39b98a86d,train/ffafd0305bbd.png,train/88652156e19f.png,0,1.569951
7bfed5b08754,train/2270493ed3ba.png,train/586b96b84434.png,1,1.568429
7c455bae6615,train/a87603b1df61.png,train/825cf2108bfc.png,1,1.833181
7c4d39583a3e,train/6dca3ca3cfae.png,train/e7ba6d790503.png,0,2.012409
7c89699316c3,train/6aba41b17339.png,train/73d1dd43ecb0.png,0,2.03104
7ca3fd0b1bbb,train/b1313f5185e6.png,train/c6c82ca16fd4.png,0,1.301515
7ca99965e16e,train/c212c39a67df.png,train/90c871052a80.png,0,1.463587
7cb5b1b5120c,train/efa5cb3d5d05.png,train/1e38c0c4f6c3.png,0,1.668603
7d1d49203b26,train/1dd12dcfa619.png,train/605ad3b023a1.png,0,2.536003
7d44f38612b2,train/59f114776385.png,train/feb7a02af5df.png,0,1.985003
7d45cf9293e7,train/7fff443e15f1.png,train/36499adf2292.png,0,1.46166
7d71834a2ad6,train/d133861d057b.png,train/0bb8db5f746f.png,1,1.301908
7d74ce4f76ad,train/7fff443e15f1.png,train/32f674602ff2.png,0,1.714281
7d86d6bfca53,train/3ad7d0f667d5.png,train/5dd6bc3423b9.png,1,1.766156
7de95aeec4ab,train/ee24ba9a6345.png,train/97450826a260.png,0,1.876419
7e356ba2e7f2,train/2774b050c30b.png,train/b99d0c2dae11.png,1,2.316078
7f28826e2fa2,train/6d20131e9a44.png,train/3da3d1dafa5f.png,0,1.438238
7f2a83ffd8cc,train/bfab538c5247.png,train/2543c2d459ea.png,0,1.359078
7fdc12b2312c,train/b1827901d52f.png,train/7e41acb03a9e.png,0,1.548681
7fea203bfabd,train/a9b92855f3dd.png,train/586b96b84434.png,1,1.38
80f65fe49368,train/983c5feb1330.png,train/73d1dd43ecb0.png,0,1.702269
81505385bd65,train/b3f1246fc6b8.png,train/03e34f920143.png,1,2.011871
81a8aaa7e550,train/acb7075bc07a.png,train/85bbc1701ac3.png,1,1.446767
81e64f89df2a,train/06d1c828d2ff.png,train/c212c39a67df.png,1,1.380464
828d012d9794,train/202f1b2cac21.png,train/be90fc9daa62.png,1,1.444012
82d1779aac1f,train/e8b89f2d0d38.png,train/f8c2c4ded4d4.png,0,1.616165
833a1908f8e0,train/8d893a7702df.png,train/855dec62d54f.png,0,1.33868
8359a66b1ce3,train/b40a642d7c00.png,train/43f964627275.png,0,1.33645
837d9a385443,train/a89bd9162f56.png,train/5dbbc033132f.png,1,1.565328
83f06a9f5202,train/d819ccfacd4b.png,train/db17121b3bde.png,1,1.271791
83ff2fe224cb,train/073a5ca4dcfa.png,train/9c860aa3f276.png,1,1.763547
8407b236a121,train/eb53fc913764.png,train/b99d0c2dae11.png,1,1.800365
846a3d66875f,train/4096f700ad88.png,train/b40a642d7c00.png,1,1.425023
848ec6a0eca2,train/8d893a7702df.png,train/2d563ddca2d4.png,0,1.362613
848eec3e6661,train/9b96c8666a9d.png,train/b3f1246fc6b8.png,0,2.311137
84dca85254a1,train/df34f7f109b9.png,train/65aadc352e1f.png,1,1.332232
85487b44805a,train/f365db7a482c.png,train/47b2f1635707.png,1,1.370812
85b334aaac4c,train/973ebb513beb.png,train/38af92a40aa6.png,0,1.83375
85f2e29754da,train/a87603b1df61.png,train/dde45aea6dde.png,1,1.338152
867fa8b6dc0a,train/1e38c0c4f6c3.png,train/a5e213d09d02.png,1,1.422968
87a0a590887e,train/530d8f9adfa3.png,train/e312ab87f905.png,1,1.274114
87fec8ea0155,train/85bbc1701ac3.png,train/f8c2c4ded4d4.png,0,2.194316
881af673ac0a,train/fe2fdaa42ff6.png,train/f8c2c4ded4d4.png,0,2.191824
888be4063bf6,train/586b96b84434.png,train/feb7a02af5df.png,0,1.991577
88d4e24a26c7,train/b40a642d7c00.png,train/b43d5d9c90f8.png,0,1.318372
89e5cef64f09,train/a6998522327a.png,train/f365db7a482c.png,0,1.383426
8a25a581b31a,train/fb545b27303e.png,train/e0ce33e4012d.png,0,1.865804
8a83820c892a,train/f21c2b5f899b.png,train/3a18d3db3872.png,1,1.577526
8b10d3589e85,train/70d9ab68008c.png,train/c86dc5b57001.png,1,1.407542
8b3ecf8e8b3f,train/c6c82ca16fd4.png,train/b5d19490f69c.png,1,1.29793
8bd79082014f,train/944975b2ecbf.png,train/83f9c1caba30.png,0,1.4589
8bf83f0f4ae5,train/13fdcf918ce7.png,train/3da3d1dafa5f.png,0,1.583364
8c4dd34fb540,train/49f4d5a32319.png,train/2774b050c30b.png,0,1.541069
8c94e4328903,train/2774b050c30b.png,train/aeb4937a61f8.png,1,1.808782
8da0942e1cf9,train/a89bd9162f56.png,train/bf760f2acd7e.png,1,1.590432
8ddd4b560e54,train/aeb4937a61f8.png,train/3e1e55d4cc27.png,0,1.602481
8dfae9c6ad12,train/aaa1114e22eb.png,train/701b9e8800ec.png,1,1.38723
8e04e09bcfa6,train/1ebdde73f527.png,train/49f4d5a32319.png,0,1.625056
8e6397ae99ae,train/2d558337c344.png,train/85131de53f89.png,1,1.501988
8f8be62a5f6c,train/3e061b786246.png,train/79ff9d9a9dfe.png,0,1.716955
8f9a928cc1a8,train/465dd4377a70.png,train/f19eec1ae3a8.png,0,2.253199
8fb635359193,train/311d7cb27fdf.png,train/0f989256b946.png,1,1.55107
90641c9077a5,train/473b5cbfdf65.png,train/c52b184b22e1.png,1,1.460203
90d2bdc844b0,train/f365db7a482c.png,train/3fd2ff3eaba6.png,0,1.380794
911edeb725a9,train/48c498e7a788.png,train/2270493ed3ba.png,0,1.643859
91af3e2a4db1,train/3fd2ff3eaba6.png,train/2d5fffc9c0cf.png,1,2.056261
91d7f39314fb,train/cfcd2a4c9a4c.png,train/a0713920bdbb.png,1,1.828184
91da3e49bbf5,train/acb7075bc07a.png,train/bddcc1033442.png,1,1.475324
923d64628b3c,train/b4296483a9bf.png,train/fbffc1e53fb1.png,0,1.759195
92e848d6c853,train/3fd2ff3eaba6.png,train/f8d4c5da0a5b.png,1,1.917626
935be59a344a,train/5cd7a754594c.png,train/f5199cb3318a.png,0,1.879107
937c4ac9a96c,train/b1827901d52f.png,train/f372e2e94453.png,0,1.811463
939f63715cd2,train/85386e86d833.png,train/70990ddfd1bc.png,0,1.964454
93ac08830e97,train/f19eec1ae3a8.png,train/fe2fdaa42ff6.png,1,2.154613
93e1ad13c7a9,train/cbdd68e0a5f6.png,train/fa4b76dfe542.png,0,1.353691
943acf165a9a,train/5472340443df.png,train/605ad3b023a1.png,0,1.928401
94ad1906b3bd,train/55567c671198.png,train/1ebdde73f527.png,1,1.296911
94badb591ce7,train/cfcd2a4c9a4c.png,train/7fff443e15f1.png,1,1.410099
94d078f161d2,train/84181be50b2d.png,train/32f674602ff2.png,0,1.672038
94dd4ce060dc,train/798c93eabd05.png,train/2d558337c344.png,0,1.337188
94ff9a9e8442,train/eed84c3798a2.png,train/530d8f9adfa3.png,0,1.441391
9557a3b1c7cc,train/4e6af9fc139d.png,train/63cddea0a8cf.png,1,2.166026
958a08ef3713,train/c8ae44854cfb.png,train/2d563ddca2d4.png,0,1.598163
963c362b1ac8,train/11027b3aa84c.png,train/fe2fdaa42ff6.png,1,1.595846
965b7c4fb838,train/605d5afa9e05.png,train/b1827901d52f.png,1,1.337613
96b23c201755,train/fbffc1e53fb1.png,train/11027b3aa84c.png,1,1.276937
96ff8605c423,train/c6bafa22bd32.png,train/84181be50b2d.png,1,1.513106
979ac07781a3,train/795775759ecd.png,train/5a97fabfe0f7.png,0,1.370075
97ccb3b4e3fd,train/70b2b70135c1.png,train/feb7a02af5df.png,0,1.935622
981b2ce3952f,train/ffafd0305bbd.png,train/32f674602ff2.png,0,1.675197
98bcac2307a4,train/e8b89f2d0d38.png,train/dc83159f3fd6.png,1,1.395886
98e52fb3bfcf,train/2d558337c344.png,train/c2d3ae186fd1.png,1,1.501988
99980f86fdab,train/0f989256b946.png,train/d133861d057b.png,0,1.301908
99b4e3d9149f,train/9591617509e1.png,train/8dcff19fe567.png,0,1.654841
99e10f919a48,train/be90fc9daa62.png,train/3da3d1dafa5f.png,0,1.583364
99e243e06ea2,train/acb7075bc07a.png,train/fb545b27303e.png,1,1.440399
9a1c9f1ca9a9,train/3e061b786246.png,train/dc28b65a154d.png,0,1.374863
9a5438a4b40f,train/47b2f1635707.png,train/97450826a260.png,0,1.879318
9b45c7f46607,train/c66616a2e95a.png,train/70990ddfd1bc.png,0,1.760114
9b547da3aa8f,train/59f114776385.png,train/cfcd2a4c9a4c.png,0,1.711242
9bc7f6d662b4,train/5cd7a754594c.png,train/da850278418b.png,0,1.653829
9bf67b37905e,train/ff8922cfbe3e.png,train/22ddaa54c6c7.png,1,1.302709
9c7d5613e961,train/2d558337c344.png,train/1b0d2311688c.png,1,1.501988
9d16c34db415,train/5dd6bc3423b9.png,train/88069d9ddc98.png,0,1.644841
9d6db38b421f,train/3e061b786246.png,train/073a5ca4dcfa.png,0,2.008509
9d7e5c0fb019,train/e0212e67f4a4.png,train/1dd12dcfa619.png,1,1.283523
9dc717b15ea5,train/83f9c1caba30.png,train/4aaa1da665f9.png,1,1.4589
9e4cd63a98a4,train/90c871052a80.png,train/f19eec1ae3a8.png,0,1.595994
9e8aa7eb1b97,train/ede81478c5c3.png,train/83f9c1caba30.png,0,1.4589
9eb9f4d591bf,train/06d1c828d2ff.png,train/48c498e7a788.png,1,1.374966
9ece7084a18c,train/fee6b7f1371c.png,train/4b89bd1f32a9.png,1,1.442785
9edc9c2ddf80,train/04c574c889cf.png,train/fee6b7f1371c.png,1,2.013377
9ee45922847c,train/a9b92855f3dd.png,train/973ebb513beb.png,1,1.589028
9eedfd6cb9df,train/2d563ddca2d4.png,train/f60a83f3326b.png,1,1.357623
9f179f6897f7,train/44962c815c5f.png,train/3bc77f0484e8.png,1,1.364164
9f393bd05a2e,train/390c59d427c4.png,train/da850278418b.png,0,1.72067
9f6e8184b00c,train/586b96b84434.png,train/06d1c828d2ff.png,0,1.307735
9ff849cd79a8,train/9f3fc3aaaca3.png,train/be90fc9daa62.png,1,1.555512
a03d231763bb,train/da850278418b.png,train/e899214457ad.png,1,1.888665
a06957273cf2,train/47b2f1635707.png,train/3fd2ff3eaba6.png,0,1.893799
a0caae5e4f9c,train/c8ae44854cfb.png,train/202f1b2cac21.png,0,1.444012
a0e406c3a527,train/38af92a40aa6.png,train/2c48228bfd4b.png,1,1.83375
a11f89b9ce0a,train/3101da708127.png,train/63cddea0a8cf.png,1,1.481838
a17a771c2845,train/202f1b2cac21.png,train/8dcff19fe567.png,0,1.413798
a1f0d8d57dec,train/85bbc1701ac3.png,train/e66d82298637.png,0,2.240062
a2677b59e7a1,train/b40a642d7c00.png,train/e8b89f2d0d38.png,0,1.470768
a33e774f7bf9,train/b4296483a9bf.png,train/c6bafa22bd32.png,0,1.611733
a358dd37100c,train/2774b050c30b.png,train/3ad7d0f667d5.png,1,1.604532
a3737b0f3dbd,train/1e38c0c4f6c3.png,train/c08e3a6b1f0a.png,1,1.380875
a3d8c3c4681e,train/44962c815c5f.png,train/3439742d146f.png,1,1.291999
a3d9ce010066,train/4096f700ad88.png,train/f19eec1ae3a8.png,0,1.632255
a41f43721332,train/f8c2c4ded4d4.png,train/dc83159f3fd6.png,1,2.197779
a4621af945d1,train/43f964627275.png,train/32f674602ff2.png,0,1.628811
a4b4accfe6f9,train/cc7156f4b2ec.png,train/1246ca6d01df.png,1,1.632253
a4fb942963eb,train/bddcc1033442.png,train/a9b92855f3dd.png,0,1.401664
a5383e1a5da0,train/efa5cb3d5d05.png,train/bdb2c3f701ac.png,0,1.389841
a56ef65688aa,train/f8c2c4ded4d4.png,train/b40a642d7c00.png,1,2.290266
a5841f88e99e,train/c26da8b39b9f.png,train/97450826a260.png,0,2.212262
a5915846038c,train/795775759ecd.png,train/bdb2c3f701ac.png,0,1.414341
a5ade94478cd,train/13252c7ea979.png,train/d133861d057b.png,0,1.301908
a5ea03ffb65d,train/9f3fc3aaaca3.png,train/a6998522327a.png,1,1.291336
a617e818b461,train/2c48228bfd4b.png,train/06d1c828d2ff.png,0,1.509646
a764d5227173,train/a8a2b9916a65.png,train/2a38cfb3b567.png,1,1.383162
a76bbd2242fe,train/1c22a5e817c6.png,train/b3f1246fc6b8.png,0,2.113565
a7c3935448d4,train/df34f7f109b9.png,train/cfcd2a4c9a4c.png,0,1.469552
a7e6b9be46a2,train/e26b85765557.png,train/b3f1246fc6b8.png,0,2.311137
a84817d9b9eb,train/983c5feb1330.png,train/05fb90066af8.png,0,2.045383
a87b448b6bcc,train/f8c1177f4eb7.png,train/3b3f29e9214f.png,1,1.281815
a87ffcefc44f,train/855dec62d54f.png,train/a6998522327a.png,1,1.305547
a8f46255b98a,train/79cc1310d6e2.png,train/b40a642d7c00.png,1,2.347668
a92374600aa2,train/fb545b27303e.png,train/90c871052a80.png,0,1.375572
a98d57424c67,train/5dbbc033132f.png,train/d6950764c8e0.png,0,2.125708
a999bad93eb2,train/88652156e19f.png,train/a0713920bdbb.png,1,2.051872
aa447ad3fbb8,train/c8ae44854cfb.png,train/0670f91243ce.png,0,2.733549
aa6e9ae0ad71,train/0d125b0c63f5.png,train/122db3090a49.png,0,1.638905
ab8c73d2adb3,train/11027b3aa84c.png,train/fb545b27303e.png,1,1.591263
ab923b840572,train/3fd2ff3eaba6.png,train/5ea817704ef9.png,1,1.937704
abd40d6629e3,train/03e34f920143.png,train/122db3090a49.png,0,1.697506
ac5f74ee5ada,train/8373934849a4.png,train/22ddaa54c6c7.png,0,1.384514
ac8045a1eb2f,train/88652156e19f.png,train/f4dc006e9f53.png,1,1.625832
ac94f774988e,train/70b2b70135c1.png,train/07cbd1f366a8.png,0,1.312849
acbe5647efd9,train/6537b0b9b941.png,train/473b5cbfdf65.png,0,1.753818
acd35dd1b54f,train/dc83159f3fd6.png,train/70d9ab68008c.png,0,1.414081
ace03e51a908,train/aaa1114e22eb.png,train/bddcc1033442.png,1,1.339635
ad034b29ff2f,train/5cd7a754594c.png,train/ef6785275098.png,0,2.054269
ad13fbe79bfe,train/a87603b1df61.png,train/f4dc006e9f53.png,1,1.327947
ad4f4e6c4cce,train/22ddaa54c6c7.png,train/605ad3b023a1.png,0,1.930679
ad76034131be,train/888ef2ac41df.png,train/885d9dc4497b.png,0,1.267601
ae5cd61daeda,train/bdb2c3f701ac.png,train/71e58187cfd6.png,1,1.414341
ae6f42ffaeaa,train/dc83159f3fd6.png,train/79cc1310d6e2.png,0,2.254348
aed804227619,train/eb53fc913764.png,train/9c860aa3f276.png,1,1.836359
af2c04b71a6f,train/48c498e7a788.png,train/07cbd1f366a8.png,0,1.427301
af587e2c17c3,train/a9b92855f3dd.png,train/a0713920bdbb.png,1,1.478458
af61423b138b,train/af6d11aed1d7.png,train/516b1d4a6c10.png,1,1.473872
af6559133286,train/c66616a2e95a.png,train/e7ba6d790503.png,0,1.805885
b004a426a1f3,train/85bbc1701ac3.png,train/f19eec1ae3a8.png,0,2.157089
b039bfb20ebe,train/44962c815c5f.png,train/516b1d4a6c10.png,1,1.533588
b0402a58b2e5,train/6a3718bc1097.png,train/36499adf2292.png,0,1.830797
b04f57d2fa46,train/311d7cb27fdf.png,train/c66616a2e95a.png,1,1.370958
b073e01b40a4,train/1c22a5e817c6.png,train/70990ddfd1bc.png,0,1.779519
b08c5577eb0c,train/05fb90066af8.png,train/d682d3f483ae.png,1,2.082438
b09853699875,train/d99008ae2e6a.png,train/4096f700ad88.png,0,1.3355
b106f8020ba1,train/e141a15f3c76.png,train/a89bd9162f56.png,0,1.4948
b1373fe7b25d,train/9c860aa3f276.png,train/3e1e55d4cc27.png,0,2.124727
b13d3fbc36f5,train/b3f1246fc6b8.png,train/fa4b76dfe542.png,1,1.513086
b196ac3faf4e,train/3bfc8b160f59.png,train/f8c1177f4eb7.png,0,1.281815
b22cdf5ce6dd,train/4e6af9fc139d.png,train/605e62b3a04f.png,1,1.490986
b24d1082d570,train/aaa1114e22eb.png,train/adfe507a03a2.png,1,1.521763
b2e27adc05b5,train/97450826a260.png,train/e7248aeb87e2.png,1,1.841958
b3138e77bbc0,train/bfab538c5247.png,train/e7ba6d790503.png,0,1.82606
b324be18c61c,train/36499adf2292.png,train/dc28b65a154d.png,1,1.476778
b341e16ef321,train/2d563ddca2d4.png,train/3bc77f0484e8.png,1,1.424228
b39f8eca1240,train/53cb529e5c5a.png,train/ece7956c65f6.png,1,1.289933
b4148e972a86,train/49f4d5a32319.png,train/5dd6bc3423b9.png,1,1.83401
b4887f275e32,train/073a5ca4dcfa.png,train/dde45aea6dde.png,1,1.487341
b496514764e5,train/87148b6084ab.png,train/d99008ae2e6a.png,1,2.227254
b53ffb8394a8,train/36499adf2292.png,train/dc83159f3fd6.png,1,1.771158
b545636cc317,train/9c860aa3f276.png,train/df86412d40e6.png,0,1.588521
b547abc74e01,train/2543c2d459ea.png,train/5dbbc033132f.png,1,1.325639
b63373292057,train/b43d5d9c90f8.png,train/36499adf2292.png,0,1.402513
b6359f0ca76b,train/9b96c8666a9d.png,train/07cbd1f366a8.png,0,1.565137
b63ca088b7da,train/6aba41b17339.png,train/df34f7f109b9.png,0,1.332232
b6521290c85c,train/5286ac89dfc3.png,train/af6d11aed1d7.png,0,1.473872
b67368ff584b,train/4b89bd1f32a9.png,train/2543c2d459ea.png,0,1.5197
b6ac54f850b8,train/795775759ecd.png,train/202f1b2cac21.png,0,1.444012
b6d97b8599cd,train/2543c2d459ea.png,train/bf760f2acd7e.png,1,1.348174
b769ad5aa00d,train/791a64b1dca2.png,train/311d7cb27fdf.png,0,1.293136
b7a91f09ccbb,train/0bb8db5f746f.png,train/bdae629d0090.png,0,1.30446
b7effaa760c5,train/f8c1177f4eb7.png,train/795775759ecd.png,1,1.281815
b8044f8ff438,train/fd6c2726d04a.png,train/edbcff77a0f9.png,1,1.754372
b84b8ef51875,train/38af92a40aa6.png,train/48c498e7a788.png,1,1.68364
b85a5601d279,train/6aba41b17339.png,train/d133861d057b.png,0,1.301908
b8caa5847f4e,train/32f674602ff2.png,train/70b2b70135c1.png,1,1.994314
b8d3b9e20887,train/fd6c2726d04a.png,train/5cd7a754594c.png,1,1.83426
b8e2b133268a,train/149a5a6dbb89.png,train/43f964627275.png,0,1.275698
b8f1b6a6ecd0,train/e66d82298637.png,train/7fff443e15f1.png,1,1.897405
b91bc69273a5,train/473b5cbfdf65.png,train/a7f50e90c37e.png,1,1.823323
b9c6b7eaa4a8,train/4b89bd1f32a9.png,train/22550f68809e.png,0,1.498252
ba531449313e,train/1ebdde73f527.png,train/88069d9ddc98.png,0,1.447729
ba9070ec1293,train/90430fc36a56.png,train/d4f728ebadce.png,0,1.45744
baab76a35c5d,train/cd13b3b43791.png,train/f21c2b5f899b.png,0,1.577526
bb0a58ca4b31,train/530d8f9adfa3.png,train/adfe507a03a2.png,1,1.62089
bb2fb1b54ef2,train/73d1dd43ecb0.png,train/d9942dede297.png,1,1.768825
bbf76c247a84,train/be90fc9daa62.png,train/f8c1177f4eb7.png,0,1.281815
bc2ad4f1d87c,train/973ebb513beb.png,train/df34f7f109b9.png,0,1.332232
bc536a9014bf,train/d01b3e9b5fb3.png,train/e0ce33e4012d.png,0,1.810655
bcf6138f4d44,train/38af92a40aa6.png,train/dfd6f811eaa3.png,1,1.320331
bd165c263764,train/65aadc352e1f.png,train/7943073c25ca.png,0,2.010101
bd3bffb90ece,train/85386e86d833.png,train/5a97fabfe0f7.png,0,1.370075
bd596945bbec,train/df34f7f109b9.png,train/88652156e19f.png,0,1.67185
bd77fb52555b,train/2a38cfb3b567.png,train/45f321e57216.png,0,1.706465
be17c3c73c8c,train/49f4d5a32319.png,train/dde45aea6dde.png,1,1.338844
beda091f9758,train/f5199cb3318a.png,train/edbcff77a0f9.png,1,1.798344
bf81b2f854e5,train/544b4a59c1b6.png,train/5a97fabfe0f7.png,0,1.370075
bfa5b1ef2ff1,train/ffafd0305bbd.png,train/cfcd2a4c9a4c.png,0,1.375231
bfa76c7df7ff,train/f5e1c899b72b.png,train/e899214457ad.png,1,2.146356
c0194e2e45a4,train/55567c671198.png,train/eb53fc913764.png,0,1.432033
c028792a165c,train/e7ba6d790503.png,train/ee1312c816f0.png,1,2.012409
c0322e544de7,train/fbffc1e53fb1.png,train/ffafd0305bbd.png,1,1.659068
c03cd9bcf03d,train/6537b0b9b941.png,train/4e6af9fc139d.png,0,1.802094
c050c11f2da8,train/701b9e8800ec.png,train/530d8f9adfa3.png,0,1.481044
c0827a7e5a98,train/79ff9d9a9dfe.png,train/79cc1310d6e2.png,0,1.560414
c0d0b9664163,train/f365db7a482c.png,train/2d5fffc9c0cf.png,1,1.509275
c1393ea322f6,train/0670f91243ce.png,train/202f1b2cac21.png,1,2.038426
c16f33b63429,train/1ebdde73f527.png,train/3e1e55d4cc27.png,0,2.153893
c1794db8b1b6,train/d4f728ebadce.png,train/da850278418b.png,0,1.293453
c1d703e9bc58,train/1246ca6d01df.png,train/11931268fcfe.png,0,1.329438
c1f15ed37360,train/bf760f2acd7e.png,train/c6c82ca16fd4.png,0,1.321608
c2560666dedf,train/cb48efd0fc57.png,train/44962c815c5f.png,0,1.363872
c28366836a71,train/0f989256b946.png,train/fee6b7f1371c.png,0,1.442785
c291b94556f5,train/df34f7f109b9.png,train/d6950764c8e0.png,0,1.840281
c29e1d1e87c3,train/af6d11aed1d7.png,train/3bfc8b160f59.png,1,1.473872
c2b45014ebe7,train/795775759ecd.png,train/1e38c0c4f6c3.png,0,1.695835
c2cc998f688f,train/ee1312c816f0.png,train/311d7cb27fdf.png,0,1.55107
c2f7fb6cf68b,train/d6e236c199fe.png,train/a8a2b9916a65.png,1,1.275122
c333ff49de38,train/55567c671198.png,train/9c860aa3f276.png,1,1.274793
c372a346824e,train/3fd2ff3eaba6.png,train/9591617509e1.png,1,1.846383
c39ffd325bcc,train/85bbc1701ac3.png,train/4096f700ad88.png,0,1.349059
c3a31a7d927f,train/4096f700ad88.png,train/fe2fdaa42ff6.png,1,1.347111
c47d9a8da8bd,train/37b89cb2713e.png,train/0bb8db5f746f.png,1,1.409631
c4868be8f4cd,train/3bfc8b160f59.png,train/bdb2c3f701ac.png,0,1.414341
c5250dd318bc,train/70990ddfd1bc.png,train/13252c7ea979.png,1,1.964454
c56aa7cb2eff,train/f70816a4cb5d.png,train/90430fc36a56.png,1,1.67401
c5fb702a2133,train/eb53fc913764.png,train/aeb4937a61f8.png,1,1.353206
c640285820fe,train/0bb8db5f746f.png,train/2543c2d459ea.png,0,1.5197
c641703fac78,train/97450826a260.png,train/3299d5d31501.png,1,1.915192
c7134b3aa961,train/65aadc352e1f.png,train/38af92a40aa6.png,0,1.83375
c7587a7aa64c,train/79cc1310d6e2.png,train/d01b3e9b5fb3.png,1,2.183639
c798887963e1,train/f2483af7dcdc.png,train/5a97fabfe0f7.png,0,1.370075
c82fe0909f85,train/ee1312c816f0.png,train/c9bf15592764.png,0,1.902894
c888e8cd559f,train/6a3718bc1097.png,train/b33c03a63fb7.png,0,1.475174
c8b0ff4d3c88,train/885d9dc4497b.png,train/798c93eabd05.png,1,1.305676
c8e24d5c06f1,train/b40a642d7c00.png,train/88652156e19f.png,0,2.019664
c91a8d7afb9c,train/fee6b7f1371c.png,train/c738c56e6247.png,1,1.442785
c930058cea49,train/d99008ae2e6a.png,train/f19eec1ae3a8.png,0,2.139817
c99c00ea4597,train/b5cbf1394b38.png,train/743c57d0c2f9.png,0,1.762212
c9dbefc5f717,train/bdae629d0090.png,train/5911fa97295c.png,1,1.30446
ca5ff3b41050,train/38af92a40aa6.png,train/fb545b27303e.png,1,1.59399
ca703e97afbb,train/49f4d5a32319.png,train/dc28b65a154d.png,1,1.326782
ca8fdb11e2e2,train/a0713920bdbb.png,train/d6950764c8e0.png,0,2.234873
caccf71b7fc7,train/d133861d057b.png,train/973ebb513beb.png,1,1.301908
cb438159c482,train/f21c2b5f899b.png,train/dd51d0a315d1.png,1,1.577526
cbf98717b076,train/55567c671198.png,train/3e1e55d4cc27.png,0,1.689584
cc04d75c9fac,train/e7ba6d790503.png,train/1c22a5e817c6.png,1,1.825516
cc309a515c93,train/07cbd1f366a8.png,train/d9942dede297.png,1,1.337147
cc3c0904db4e,train/feb7a02af5df.png,train/af5072ff6452.png,1,2.026812
cc5b77bd825b,train/76969fca0a49.png,train/8dcff19fe567.png,0,1.677616
cc8dbb1d5930,train/2d558337c344.png,train/f9d20f5226d9.png,1,1.501988
ccb2f597633e,train/1e38c0c4f6c3.png,train/85386e86d833.png,1,1.695835
cce47f2bb88d,train/2c48228bfd4b.png,train/04c574c889cf.png,0,2.704168
cd181e11a124,train/af5072ff6452.png,train/70d9ab68008c.png,0,1.447054
cd85a2f991d3,train/6dca3ca3cfae.png,train/bdae629d0090.png,0,1.30446
ced18c9febb9,train/b33c03a63fb7.png,train/bb2f0e9ceaf4.png,1,1.433116
ced8944a74f2,train/b43d5d9c90f8.png,train/3e061b786246.png,1,1.448149
cf03054a024e,train/53cb529e5c5a.png,train/1dd12dcfa619.png,1,1.289933
cf24788681b4,train/c3db32a6adc4.png,train/f8c1177f4eb7.png,0,1.281815
cf25ce7e7f04,train/22550f68809e.png,train/6aba41b17339.png,1,1.498252
cf520badbff3,train/3fd2ff3eaba6.png,train/b5d19490f69c.png,1,1.989992
cf82fbfefd4b,train/4096f700ad88.png,train/fbffc1e53fb1.png,0,1.51704
cf8ff926b274,train/a5e213d09d02.png,train/70990ddfd1bc.png,0,1.669777
cfb456436fc2,train/4c6be84e512f.png,train/226b9f911be9.png,1,1.743205
d00f99f0fd71,train/5286ac89dfc3.png,train/44962c815c5f.png,0,1.533588
d01064e5537a,train/855dec62d54f.png,train/0670f91243ce.png,0,1.893217
d02de86fda80,train/d01b3e9b5fb3.png,train/4096f700ad88.png,0,1.297512
d10321c1f7f3,train/65aadc352e1f.png,train/07cbd1f366a8.png,0,1.565137
d10a68cdb517,train/c212c39a67df.png,train/07cbd1f366a8.png,0,1.432945
d14f93d5b9cb,train/b99d0c2dae11.png,train/aeb4937a61f8.png,0,1.319982
d18a4deaeb92,train/dc83159f3fd6.png,train/c6bafa22bd32.png,0,1.871963
d24dbab9a790,train/8373934849a4.png,train/cc7156f4b2ec.png,0,1.632253
d2bfbe2f8c07,train/90c871052a80.png,train/c86dc5b57001.png,1,1.378058
d2f3a0292777,train/b3f1246fc6b8.png,train/4237cd706d4f.png,1,1.991219
d2ffcab83307,train/ccdadee52269.png,train/f28c2d059eb8.png,1,1.430137
d31955dd1305,train/2270493ed3ba.png,train/d133861d057b.png,1,1.364949
d34b87f5ac7f,train/6dc50810a0ac.png,train/2d558337c344.png,0,1.501988
d4449b9f8192,train/37b89cb2713e.png,train/a0713920bdbb.png,1,1.307555
d44c262691f9,train/825cf2108bfc.png,train/dde45aea6dde.png,0,1.362552
d470a9d7a11a,train/90430fc36a56.png,train/ef6785275098.png,0,2.310168
d55d460f65c1,train/dde45aea6dde.png,train/df86412d40e6.png,0,1.329239
d55e82428419,train/3fd2ff3eaba6.png,train/b1313f5185e6.png,1,1.994546
d569e8906b75,train/885d9dc4497b.png,train/fff91df3d99c.png,1,1.467775
d5a0f3f6b833,train/5a97fabfe0f7.png,train/13252c7ea979.png,1,1.370075
d616b481caae,train/465dd4377a70.png,train/e0ce33e4012d.png,0,1.964116
d70ae04f47ef,train/6d20131e9a44.png,train/bdb2c3f701ac.png,0,1.280092
d73b9f6954b4,train/5a97fabfe0f7.png,train/e7ba6d790503.png,0,1.48275
d76d5a4f5a58,train/bdae629d0090.png,train/0f989256b946.png,1,1.30446
d76fb916102f,train/13fdcf918ce7.png,train/f8c1177f4eb7.png,0,1.281815
d7bc35147362,train/ccdadee52269.png,train/bc84c04d4455.png,1,1.430137
d872461efe94,train/7fff443e15f1.png,train/fbffc1e53fb1.png,0,1.697968
d888041f4ca3,train/fb4c7e0a4d3a.png,train/a6998522327a.png,1,1.310064
d893311d9fa2,train/87148b6084ab.png,train/90c871052a80.png,1,1.673177
d8c975121e86,train/aeb4937a61f8.png,train/073a5ca4dcfa.png,0,1.292494
d8e0a201a020,train/97450826a260.png,train/b1313f5185e6.png,1,1.979751
d8ebd2d7c4ab,train/2b3b004700d1.png,train/a89bd9162f56.png,0,1.5238
d902b4e2890a,train/c66616a2e95a.png,train/fa4b76dfe542.png,0,1.406999
d952608ea8f0,train/5a97fabfe0f7.png,train/6dca3ca3cfae.png,1,1.370075
dacf574334d1,train/b1827901d52f.png,train/e899214457ad.png,1,1.365899
db2ff2829c30,train/9f3fc3aaaca3.png,train/71e58187cfd6.png,1,1.555512
db576cdb1eae,train/3554103d5a0d.png,train/605ad3b023a1.png,0,2.181248
db6b4b318b99,train/e026b527181b.png,train/e899214457ad.png,1,1.76607
db959cf6e230,train/bb2f0e9ceaf4.png,train/ff8922cfbe3e.png,0,1.599015
dbf338108287,train/adfe507a03a2.png,train/73d1dd43ecb0.png,0,2.03104
dc6c82e39752,train/f8c1177f4eb7.png,train/1d7be2ec1851.png,1,1.281815
dce9bae497be,train/83f9c1caba30.png,train/19e138f11434.png,1,1.4589
dcf31e233b1a,train/202f1b2cac21.png,train/efa5cb3d5d05.png,1,1.419163
dd09973582e5,train/07cbd1f366a8.png,train/c86dc5b57001.png,1,1.348676
dda405246e9e,train/f5e1c899b72b.png,train/edbcff77a0f9.png,1,1.816713
de1eccd358d6,train/da4de4106c41.png,train/d6e236c199fe.png,0,1.780715
de97ae7b6b9d,train/a7f50e90c37e.png,train/b5cbf1394b38.png,1,1.319877
defbd3a49ad4,train/80709e87b908.png,train/885d9dc4497b.png,0,1.329703
df6120ab3a09,train/fa4b76dfe542.png,train/4237cd706d4f.png,1,1.324709
df766995b04f,train/3e1e55d4cc27.png,train/5dd6bc3423b9.png,1,2.387486
df877126ae65,train/fb4c7e0a4d3a.png,train/3fd2ff3eaba6.png,0,1.456992
df990add2ecd,train/f19eec1ae3a8.png,train/84181be50b2d.png,1,1.776339
e02bf80cd45c,train/5dd6bc3423b9.png,train/eb53fc913764.png,0,2.085348
e0b537847e11,train/c6c82ca16fd4.png,train/8373934849a4.png,1,1.490856
e0effe84c9a9,train/73d1dd43ecb0.png,train/06d1c828d2ff.png,1,1.359945
e12329d3a684,train/85bbc1701ac3.png,train/32f674602ff2.png,0,2.043674
e1bd97e243c0,train/1c22a5e817c6.png,train/fa4b76dfe542.png,0,1.424153
e35d986b8799,train/22550f68809e.png,train/2b3b004700d1.png,1,1.26959
e36506cb2b1e,train/06d1c828d2ff.png,train/65aadc352e1f.png,1,1.509646
e37b778313d7,train/122db3090a49.png,train/ee1312c816f0.png,1,1.977701
e3f8f898a218,train/c738c56e6247.png,train/a89bd9162f56.png,0,1.778481
e45c4e655b56,train/05fb90066af8.png,train/0bb8db5f746f.png,1,2.397735
e4884848238f,train/b5d19490f69c.png,train/22550f68809e.png,0,1.304628
e4ae21951515,train/605ad3b023a1.png,train/cc7156f4b2ec.png,1,1.659424
e4c5a56c75f4,train/22550f68809e.png,train/0bb8db5f746f.png,1,1.498252
e4ce65da9eee,train/b5d19490f69c.png,train/2543c2d459ea.png,0,1.324105
e51ed5aa9b13,train/05fb90066af8.png,train/4237cd706d4f.png,1,2.073236
e5202552b1a8,train/5cd7a754594c.png,train/f70816a4cb5d.png,0,1.453574
e53032e11344,train/85bbc1701ac3.png,train/e0ce33e4012d.png,0,1.873089
e5606f0e7b1c,train/973ebb513beb.png,train/06d1c828d2ff.png,0,1.509646
e570575ffb2d,train/33c58a433291.png,train/605ad3b023a1.png,0,2.272299
e5c8105772c8,train/e26b85765557.png,train/c9bf15592764.png,0,1.902894
e5d033f17077,train/fb4c7e0a4d3a.png,train/4094eb99622b.png,1,1.373602
e60ed26c4f5e,train/7fff443e15f1.png,train/65aadc352e1f.png,1,1.389372
e692eb042a5e,train/2d563ddca2d4.png,train/3bfc8b160f59.png,1,1.598163
e74af2b88670,train/e7ba6d790503.png,train/13252c7ea979.png,1,2.012409
e770d5c7fe64,train/d819ccfacd4b.png,train/889a897117df.png,1,1.49424
e788991d4ea1,train/b43d5d9c90f8.png,train/af5072ff6452.png,1,1.27949
e7d14dec2229,train/06d1c828d2ff.png,train/d9942dede297.png,1,1.287372
e7e1323bfe45,train/11027b3aa84c.png,train/465dd4377a70.png,1,1.682698
e80705b9ee94,train/aaa1114e22eb.png,train/2c48228bfd4b.png,1,1.521763
e81b05d7208a,train/2b3b004700d1.png,train/311d7cb27fdf.png,0,1.316595
e8399bee1af5,train/c212c39a67df.png,train/38af92a40aa6.png,0,1.689837
e8ceaf31d6da,train/0670f91243ce.png,train/8d893a7702df.png,1,2.433902
e8d3425e3f45,train/3e1e55d4cc27.png,train/88069d9ddc98.png,1,1.523162
e8dd8f4f6b98,train/2270493ed3ba.png,train/6aba41b17339.png,1,1.792321
e908e2e6fb38,train/b3f1246fc6b8.png,train/2b3b004700d1.png,1,2.02462
e9ca9e6d0bf4,train/5a97fabfe0f7.png,train/ee1312c816f0.png,1,1.370075
e9e9c09f04fe,train/83f9c1caba30.png,train/6dc50810a0ac.png,1,1.4589
ea1525b7453d,train/a9b92855f3dd.png,train/adfe507a03a2.png,1,1.589028
ea2c6c82ad90,train/c52b184b22e1.png,train/4e6af9fc139d.png,0,1.504073
ea2e4caaab89,train/a9b92855f3dd.png,train/70b2b70135c1.png,1,1.334127
ea2f3e45a96e,train/f4dc006e9f53.png,train/073a5ca4dcfa.png,0,1.476352
eabad50648a2,train/516b1d4a6c10.png,train/2d563ddca2d4.png,0,1.598163
eaca03c385c0,train/5472340443df.png,train/ff8922cfbe3e.png,0,1.30089
eaca78cfb786,train/ccdadee52269.png,train/dd51d0a315d1.png,1,1.430137
eb0a74be7622,train/701b9e8800ec.png,train/04c574c889cf.png,0,2.53062
eb1e82a441d7,train/97450826a260.png,train/5ea817704ef9.png,1,1.923082
eb26d06e1775,train/22550f68809e.png,train/c738c56e6247.png,1,1.498252
eb33f93e7c71,train/d6e236c199fe.png,train/6a3f46f36ee1.png,1,1.780715
ebddfec57f1c,train/45f321e57216.png,train/da4de4106c41.png,1,1.706465
ec21b33e6613,train/cc7156f4b2ec.png,train/1dd12dcfa619.png,1,1.632253
ecafe6f9ee4e,train/70d9ab68008c.png,train/e66d82298637.png,0,1.636365
ecd0f2d6004b,train/03bd450fe1df.png,train/c6c82ca16fd4.png,0,1.490856
ecdff4259f46,train/84181be50b2d.png,train/e66d82298637.png,0,1.853144
ed0c88577125,train/32f674602ff2.png,train/b43d5d9c90f8.png,1,1.649477
ed7af96a75b2,train/d819ccfacd4b.png,train/018535535b3d.png,1,1.49424
ed9d800b19df,train/d819ccfacd4b.png,train/8db9070d7064.png,1,1.49424
edc5f64108d9,train/f19eec1ae3a8.png,train/d01b3e9b5fb3.png,1,2.090938
eea754aed948,train/9c860aa3f276.png,train/aeb4937a61f8.png,0,1.350087
ef17b7175e23,train/0670f91243ce.png,train/3bfc8b160f59.png,1,2.733549
efab184d437d,train/eed84c3798a2.png,train/aaa1114e22eb.png,0,1.349324
f04edfc202d1,train/530d8f9adfa3.png,train/2c48228bfd4b.png,1,1.62089
f0b32e4dfe4e,train/37b89cb2713e.png,train/13252c7ea979.png,1,1.409631
f0e557926d36,train/be90fc9daa62.png,train/bdb2c3f701ac.png,0,1.414341
f103433f2621,train/1e38c0c4f6c3.png,train/8d893a7702df.png,1,1.451621
f104cac705da,train/7943073c25ca.png,train/85bbc1701ac3.png,1,1.766831
f16fe19132f3,train/04c574c889cf.png,train/791a64b1dca2.png,1,2.369044
f1bc859b0028,train/c2d3ae186fd1.png,train/83f9c1caba30.png,0,1.4589
f1cf017b1145,train/3a18d3db3872.png,train/ccdadee52269.png,0,1.430137
f27a3e4e3e41,train/26b4659b22ac.png,train/aeb4937a61f8.png,0,1.564375
f27f971d3215,train/6aba41b17339.png,train/53cb529e5c5a.png,0,1.289933
f28bb98acf87,train/1ebdde73f527.png,train/2774b050c30b.png,0,2.386044
f2d42236507d,train/70d9ab68008c.png,train/bddcc1033442.png,1,1.439382
f2de6637da44,train/e8b89f2d0d38.png,train/d99008ae2e6a.png,1,1.379223
f3072db06b06,train/3e061b786246.png,train/df86412d40e6.png,0,1.822491
f3287603d549,train/a9b92855f3dd.png,train/73d1dd43ecb0.png,0,1.288528
f3f076e5ba8b,train/60c2ed854ccf.png,train/f21c2b5f899b.png,0,1.336514
f4090b7e9cff,train/84181be50b2d.png,train/e0ce33e4012d.png,0,1.517046
f4b25687b3b0,train/973ebb513beb.png,train/2270493ed3ba.png,0,1.792321
f5046c246657,train/63cddea0a8cf.png,train/7e41acb03a9e.png,0,1.87472
f5d528e048e2,train/22550f68809e.png,train/60583b0f668b.png,1,1.301196
f5e072a57c4a,train/da850278418b.png,train/90430fc36a56.png,1,1.888665
f5e2b2a1afff,train/11027b3aa84c.png,train/85bbc1701ac3.png,1,1.598015
f60a26f74a92,train/5a97fabfe0f7.png,train/13a0265d9d81.png,1,1.370075
f6260172d41b,train/c6c82ca16fd4.png,train/67368037ae16.png,1,1.490856
f6291cf24f62,train/b43d5d9c90f8.png,train/fbffc1e53fb1.png,0,1.633474
f6e82af2520a,train/f87a921c9e07.png,train/ccdadee52269.png,0,1.284032
f7474d1e38c6,train/0bb8db5f746f.png,train/311d7cb27fdf.png,0,1.55107
f7839912b324,train/dc83159f3fd6.png,train/79ff9d9a9dfe.png,0,1.494771
f7b65a89ad1c,train/af6d11aed1d7.png,train/dd51d0a315d1.png,1,1.473872
f7e3b8cb8956,train/ef6785275098.png,train/f70816a4cb5d.png,1,1.433005
f819a78795e7,train/a89bd9162f56.png,train/ccbbf1d2e38d.png,1,1.475534
f90cadc63a33,train/f21c2b5f899b.png,train/157233ea463e.png,1,1.353077
f91f40a2c8a4,train/202f1b2cac21.png,train/6d20131e9a44.png,1,1.307597
f994f9fa5f21,train/fd6c2726d04a.png,train/d4f728ebadce.png,1,1.450325
f9b39ba507db,train/eb53fc913764.png,train/dde45aea6dde.png,1,1.554156
f9b95499c858,train/c86dc5b57001.png,train/acb7075bc07a.png,0,1.442964
f9f399a39c7b,train/73d1dd43ecb0.png,train/973ebb513beb.png,1,2.03104
fa42ebe62666,train/ede81478c5c3.png,train/2d558337c344.png,0,1.501988
fa45c8c376d5,train/b4296483a9bf.png,train/073a5ca4dcfa.png,0,1.515751
fa5f590ea8b4,train/530d8f9adfa3.png,train/2b3b004700d1.png,1,1.379494
fb37942a5b4f,train/2d5fffc9c0cf.png,train/e7ba6d790503.png,0,1.84788
fb44ca63685a,train/97450826a260.png,train/ee7ac83db38f.png,1,1.888049
fb60592383f6,train/fa4b76dfe542.png,train/2b3b004700d1.png,1,1.351554
fbb1fe7dc8c4,train/bc84c04d4455.png,train/f21c2b5f899b.png,0,1.577526
fbb4f07fe2a9,train/b8357c2f1d7e.png,train/83f9c1caba30.png,0,1.4589
fc416d2796d8,train/7e41acb03a9e.png,train/6537b0b9b941.png,1,1.534638
fc7bde7dca9e,train/37b89cb2713e.png,train/6aba41b17339.png,1,1.409631
fcbe4ff7a43e,train/c738c56e6247.png,train/53cb529e5c5a.png,0,1.289933
fcfa0412e469,train/f4dc006e9f53.png,train/1dd12dcfa619.png,1,1.372962
fcfdebf8a537,train/71e58187cfd6.png,train/3da3d1dafa5f.png,0,1.583364
fd13b4b0171d,train/efa5cb3d5d05.png,train/9f3fc3aaaca3.png,0,1.529499
fd50c191a647,train/c8ae44854cfb.png,train/855dec62d54f.png,0,1.57165
fd581c0e78ac,train/6a3f46f36ee1.png,train/a8a2b9916a65.png,0,1.383162
fd59eee67e2b,train/ffafd0305bbd.png,train/7943073c25ca.png,0,1.4249
fd65f0dfe449,train/7b4de5947058.png,train/ef6785275098.png,0,1.482445
fd8b5ff550d5,train/43f964627275.png,train/bddcc1033442.png,1,1.290048
fe00ab953e23,train/dc28b65a154d.png,train/3ad7d0f667d5.png,0,1.271072
fe0bc6e3424e,train/2d563ddca2d4.png,train/f85ce1781275.png,1,1.598163
fe8fdd85fc5b,train/073a5ca4dcfa.png,train/43f964627275.png,1,1.381444
feb3392b63be,train/743c57d0c2f9.png,train/4e6af9fc139d.png,0,1.413739
ff03601fbbb5,train/f0dcd2c3d5ed.png,train/ccdadee52269.png,0,1.430137
ff1fadb456c8,train/7943073c25ca.png,train/586b96b84434.png,1,1.773662
ff47057eb2c8,train/d819ccfacd4b.png,train/6e63398e9409.png,1,1.49424
ff5c59c90c52,train/f85ce1781275.png,train/855dec62d54f.png,0,1.57165
ffaa0127295b,train/9d66366e3175.png,train/ccdadee52269.png,0,1.430137
ffadea717b6d,train/1ebdde73f527.png,train/a87603b1df61.png,0,1.624274
fff403257531,train/2270493ed3ba.png,train/c212c39a67df.png,1,1.649983
fffebe4f269a,train/7daf97780930.png,train/47332364f790.png,1,1.403035
